Handle,Title,Body (HTML),Vendor,Product Category,Type,Tags,Published,Option1 Name,Option1 Value,Option1 Linked To,Option2 Name,Option2 Value,Option2 Linked To,Option3 Name,Option3 Value,Option3 Linked To,Variant SKU,Variant Grams,Variant Inventory Tracker,Variant Inventory Qty,Variant Inventory Policy,Variant Fulfillment Service,Variant Price,Variant Compare At Price,Variant Requires Shipping,Variant Taxable,Unit Price Total Measure,Unit Price Total Measure Unit,Unit Price Base Measure,Unit Price Base Measure Unit,Variant Barcode,Image Src,Image Position,Image Alt Text,Gift Card,SEO Title,SEO Description,Product rating count (product.metafields.reviews.rating_count),Color (product.metafields.shopify.color-pattern),Fit type (product.metafields.shopify.fit-type),Item condition (product.metafields.shopify.item-condition),Item material (product.metafields.shopify.item-material),Light source (product.metafields.shopify.light-source),Lighting features (product.metafields.shopify.lighting-features),Manufacturer type (product.metafields.shopify.manufacturer-type),Rim/Wheel design (product.metafields.shopify.rim-wheel-design),Vehicle frame/body features (product.metafields.shopify.vehicle-frame-body-features),Variant Image,Variant Weight Unit,Variant Tax Code,Cost per item,Status
led-headlight-for-2016-2018-audi-q3-left-lh-driver-side-8u0941033b,LED Headlight For 2016-2018 Audi Q3 Left LH Driver Side 8U0941033B,"<h3><strong>Item description from the seller</strong></h3>
<p>Product Description：<br>LED Headlight For 2016-2018 Audi Q3 Left LH Driver Side 8U0941033B</p>
<p>ITEM DESCRIPTION:</p>
<p>OEM:8U0941033B<br>Fits Following:For 2016-2018 Audi Q3<br>Condition:100% Brand New<br>Housing Color:Black<br>Warranty:3 Year<br>Fitment Type: Direct Replacement<br>Lighting Technology: LED<br>Country of Origin:China</p>
<p>Fits Model and Year :<br>For 2016-2018 Audi Q3</p>
<p>Features :<br>1.Direct Replacement. Perfect fitment.<br>2.Made of fresh raw plastic particles, got better density consistency and tenacity.</p>
<p>Reliable after-sales guarantee.</p>",Redline Essentials,Vehicles & Parts > Vehicle Parts & Accessories > Motor Vehicle Parts > Motor Vehicle Lighting > Headlights,Exterior Accessories,"",true,Title,Default Title,,,,,,,,,2000.0,shopify,10,deny,manual,62312.68,,true,true,,,,,"",https://cdn.shopify.com/s/files/1/0810/1311/3071/files/10.jpg?v=1775065973,1,"",false,,,,black,direct,new,,led,led-lighting,aftermarket,,,,kg,,,active
led-headlight-for-2016-2018-audi-q3-left-lh-driver-side-8u0941033b,,,,,,,,,,,,,,,,,,,,,,,,,,,,,,,,https://cdn.shopify.com/s/files/1/0810/1311/3071/files/10_1.jpg?v=1775104399,2,"",,,,,,,,,,,,,,,,,,
bmw-alcantara-steering-wheel-with-led-display-carbon-paddles-trim-f8x-m2-3-4,"BMW Alcantara Steering Wheel With LED Display, Carbon Paddles & Trim F8x/M2/3/4","<h2 class=""section-title__title"" id=""s0-2-1-25-5-20-1-101[1]-2-3-7[0]-4[0]-3[0]-12[3]-1-title""><span class=""ux-textspans"">Item description from the seller</span></h2>
<p><span>WheelPlug BMW F-Chassis LED Display Alcantara Steering Wheel</span><br>Carbon Fiber Trim | RPM Shift Lights | Performance Data Display<br>Transform your BMW interior with this WheelPlug F-Chassis steering wheel, featuring an integrated LED display with RPM shift lights designed to deliver real-time performance data directly in your line of sight. Wrapped fully in premium Alcantara and finished with genuine carbon fiber trim, this wheel blends motorsport-inspired functionality with a refined, driver-focused design.<br><br><strong>Key Features</strong></p>
<ul>
<li><span>Full Alcantara wrap for enhanced grip</span></li>
<li><span>Integrated LED display screen at 12 o’clock</span></li>
<li><span>RPM shift lights with configurable thresholds</span></li>
<li><span>Displays real-time vehicle data (RPM, speed, and more)</span></li>
<li><span>Real carbon fiber trim</span></li>
<li><span>Real carbon fiber paddle shifters</span></li>
<li><span>Round steering wheel design</span></li>
<li>
<span>Designed for vehicles without heating element.</span><span></span>
</li>
</ul>
<p><span>Vehicle Fitment – BMW F-Chassis</span><br><br><strong>Fits select BMW F-series models equipped with compatible M-Sport style steering wheels, including:</strong><br></p>
<ul>
<li>F22 / F23</li>
<li>F30 / F31</li>
<li>F32 / F33 / F36</li>
<li>F87 M2</li>
<li>F80 M3</li>
<li>F82 / F83 M4</li>
</ul>
<p>Compatibility depends on factory steering wheel configuration. Buyer is responsible for confirming fitment prior to purchase.<br><br><strong>⚠️ IMPORTANT – PLEASE READ BEFORE PURCHASING</strong><br><br>This steering wheel features an integrated LED display and RPM shift lights that requires a connection to the included OBD-II dongle/module to read information to function properly.<br></p>
<ul>
<li>Coding or configuration may be required depending on vehicle model and factory options</li>
<li>Requires connection to an OBD-II dongle/module to receive vehicle data</li>
<li>Coding or configuration may be required depending on vehicle software and options</li>
</ul>
<p>Display functionality may vary by model and factory setup<br><br>Buyer is responsible for confirming compatibility and setup requirements prior to purchase.<br><br><strong>Important Information</strong><br></p>
<ul>
<li>Airbag not included (factory airbag must be reused)</li>
<li>Includes: button modules, paddle shifters, and carbon trim</li>
<li>Not compatible with heated steering wheel or ACC systems</li>
<li>Designed for performance-oriented builds and track-inspired interiors</li>
</ul>
<p><br><strong>Condition &amp; Shipping</strong><br></p>
<ul>
<li>Condition: Brand new, never installed<br>
</li>
<li>Ships securely to ensure safe delivery</li>
<li>Ships from Chicago, Illinois</li>
</ul>
<p><br>Why Choose WheelPlug?<br><br>WheelPlug specializes in premium BMW steering wheels that combine aesthetics, ergonomics, and performance-focused features. Each wheel is carefully selected and built for enthusiasts who want more than just a cosmetic upgrade.</p>",Redline Essentials,Vehicles & Parts > Vehicle Parts & Accessories > Motor Vehicle Parts > Motor Vehicle Controls > Steering Wheels,Interior Accessories,"",true,Title,Default Title,,,,,,,,,2500.0,shopify,67,deny,manual,60341.50,,true,true,,,,,"",https://cdn.shopify.com/s/files/1/0810/1311/3071/files/bmw-f80-m3-f82-f83-m4-cs-gts-race-display-carbon-fibre-flat-bottom-steering-wheel-dct-paddles-carbon-trim-3-copy.webp?v=1775065460,1,"",false,,,'2,black,,new,synthetic; carbon-fiber,,,aftermarket,,,,kg,,,active
led-performance-display-steering-wheel,BMW M Performance Suede LED Race Digital Display Steering Wheel M2 M3 M4 F80,"<h2 id=""s0-2-1-25-5-20-1-101[1]-2-3-7[0]-4[0]-3[0]-12[3]-1-title"" class=""section-title__title""><span class=""ux-textspans"">Item description from the seller</span></h2>
<p>For M Performance Suede LED Race Digital Display Steering Wheel for M3 F80 M4 M2 F20 F22 F30 F32 F15 F11 M Sport 2013-2020</p>
<p><b>Feature:</b></p>
<p>1. LED shift indicator includes 5 sets of LEDs on each side of the steering wheel that lights up gradually in green as the engine RPM increases. Once it reaches the user configured RPM, the indicator flashes red as an up shift reminder. LED shift indicator, adjustable from 500RPM to 9900RPM, LED shift light color, adjustable for RGB color.</p>
<p>2. The LED performance steering wheel is the perfect addition for any performance enthusiast. Features shift indicator lights 0-60mph quarter mile and lap times lateral and longitudinal acceleration values and displays efficient dynamics data. LED performance steering wheels, allows you to read real-time data from the display embedded in your steering wheel exactly.</p>
<p>3. Highlight LED display, which clearly shows speed, RMP, LAP, engine load, water temperature, voltage and etc.</p>
<p>4. The steering wheel is completely upholstered in suede and provides excellent grip – at any temperature and even in extreme driving situations, get a grip on the excitement of racing.</p>
<p><br></p>
<p>5. Easy to install, module connects with wireless OBD2 plug and display connects to steering wheel connections.<span> </span><u>Professional installation may be required and is recommend.</u></p>
<p><br></p>
<p><b>Specification:</b></p>
<p>Condition: 100% Brand New</p>
<p>Item Type: LCD Steering Wheel</p>
<p>Material: Suede</p>
<p>LED Shift Indicator Race Display：Yes</p>
<p>Steering Wheel Stitching: for M performance</p>
<p>12 O-Clock Ring: NO</p>
<p>Steering Wheel Hand Grips: Suede</p>
<p>Steering Wheel Shape Bottom: OEM Style</p>
<p>Finger Ridges: Yes</p>
<p><br></p>
<p><b>LCD Display:</b></p>
<p>1. Details of fuel consumption</p>
<p>2. Steering wheel angle perception</p>
<p>3. Dynamic steering communication</p>
<p>4. Time record</p>
<p>5. Dynamic speed sensing</p>
<p>6. Racing mileage record</p>
<p>7. Engine information presentation</p>
<p>8. Specific information settings</p>
<p>9. Estimated cruising range</p>
<p>10. Turbo boost display etc.</p>
<p><br></p>
<p><b>Fitment:</b></p>
<p>Fit for 1 Series F20/F21 M Sport LCI 2016-2019</p>
<p>Fit for 2 Series F22/ F23 M Sport 2014-2019</p>
<p>Fit for 3 Series F30/ F31 M Sport 2013-2019</p>
<p>Fit for 4 Series F32/ F33/ F36 M Sport 2014-2019</p>
<p>Fit for X5 F15 M Sport 2014-2018</p>
<p>Fit for X6 F16 M Sport 2015-2019</p>
<p>Fit for M2 F87 2016-2020</p>
<p>Fit for M3 F80 2014-2018</p>
<p>Fit for M4 F82/ F83 2014-2020</p>
<p>Fit for X5M F85 2015-2018</p>
<p>Fit for X6M F86 2015-2019</p>
<p><br></p>
<p><b>Package List:</b></p>
<p>1 x LED Steering Wheel</p>
<p>1 x OBD Smart Module</p>
<p>1 x OBD Harness</p>
<p>1 x Spare Cable</p>
<p><br></p>
<p><u><b>Note: This is non OEM.</b></u></p>",Redline Essentials,Vehicles & Parts > Vehicle Parts & Accessories > Motor Vehicle Parts > Motor Vehicle Controls > Steering Wheels,Interior Accessories,"Interior, Steering Wheel, Tech",true,Title,Default Title,,,,,,,,RE-STW-009,4000.0,shopify,6,deny,manual,98000.00,120000.00,true,true,,,,,,https://cdn.shopify.com/s/files/1/0810/1311/3071/files/GENUINEBMWF80F82MPERFORMANCEALCANTARASTEERINGWHEELWITHCARBONFIBRETRIM_RACEDISPLAY_M3_M4__01.webp?v=1775112701,1,"",false,,,,black,,new,carbon-fiber,,,aftermarket,,,,kg,,,active
led-performance-display-steering-wheel,,,,,,,,,,,,,,,,,,,,,,,,,,,,,,,,https://cdn.shopify.com/s/files/1/0810/1311/3071/files/bmw-f80-m3-f82-f83-m4-cs-gts-race-display-carbon-fibre-flat-bottom-steering-wheel-dct-paddles-carbon-trim-1-copy.webp?v=1775112701,2,"",,,,,,,,,,,,,,,,,,
carbon-fiber-cold-air-intake,APR PEX Open Intake System - 1.8T/2.0T EA888 Gen 3/4 MQB,"<div class=""full_description"">The APR Open PEX Intake System is the best dollar-per-horsepower intake system for the 1.8T/2.0T Engine. We've maximized performance and sound dramatically by reducing pressure drop and increasing airflow. This translates to more horsepower and torque, and less physical strain on the turbocharger. The system looks great, sounds amazing, and produces more horsepower and torque you can feel.Our Open PEX Intake System does away with the closed airbox design and uses a massive 7"" washable and reusable cotton filter with a frontal inlet and 4"" rear outlet. This was necessary to limit pressure drop across the factory system and maximize airflow, while allowing you to fully hear the engine breathe. The massive filter provides excellent filtration. By oversizing the filter, we're able to limit pressure drop without sacrificing filtration. This is made possible through the use of greatly increased filter surface area. The PEX material gives the intake an Oem feel and it allows us to make a complex and organic heat shield shape that keeps hot air pushed through the frontal radiator away from the intake tract. Lastly, PEX retains heat less than other materials such as metal, making it ideal for performance.</div>
<h3>Features:</h3>
<ul class=""productpage_list"">
<li>More horsepower with gains up to +12 AWHP over stock</li>
<li>More torque with gains of up to +13 AWFT-LBS over stock</li>
<li>Greatly outflows the full factory frontal airbox by 60% at 833 CFM vs 521 CFM</li>
<li>High heat deflection PEX construction</li>
<li>Massive 7” washable and reusable cotton filter with a frontal inlet and 4” rear outlet</li>
<li>Creates an intoxicating intake sound in the engine bay</li>
<li>Improves throttle response</li>
<li>Lessens pressure drop</li>
<li>Lessens strain on the turbocharger</li>
<li>Lessens heat retention compared to other materials, such as metal</li>
<li>Compatible with APR and factory rear intake tubes and turbo inlet pipes</li>
<li>Easily installs in minutes</li>
</ul>
<div class=""collapsible-title"">Specs<span class=""slides-in""></span>
</div>
<div class=""row-contents active expanded"">
<table style=""width: 100.036%; height: 254.8px;"" class=""attributes-table"" cellspacing=""0"">
<tbody>
<tr style=""height: 19.6px;"">
<th style=""width: 30.0322%; height: 19.6px;"" class=""label"">Brand</th>
<td style=""width: 69.8963%; height: 19.6px;"" class=""data"">APR</td>
</tr>
<tr style=""height: 19.6px;"">
<th style=""width: 30.0322%; height: 19.6px;"" class=""label"">C.A.R.B EO #</th>
<td style=""width: 69.8963%; height: 19.6px;"" class=""data"">D-782-8</td>
</tr>
<tr style=""height: 19.6px;"">
<th style=""width: 30.0322%; height: 19.6px;"" class=""label"">Category</th>
<td style=""width: 69.8963%; height: 19.6px;"" class=""data"">Air and Fuel Delivery</td>
</tr>
<tr style=""height: 19.6px;"">
<th style=""width: 30.0322%; height: 19.6px;"" class=""label"">Emission Code</th>
<td style=""width: 69.8963%; height: 19.6px;"" class=""data"">1</td>
</tr>
<tr style=""height: 19.6px;"">
<th style=""width: 30.0322%; height: 19.6px;"" class=""label"">Engine Application</th>
<td style=""width: 69.8963%; height: 19.6px;"" class=""data"">1.8T/2.0T</td>
</tr>
<tr style=""height: 19.6px;"">
<th style=""width: 30.0322%; height: 19.6px;"" class=""label"">Filter Color</th>
<td style=""width: 69.8963%; height: 19.6px;"" class=""data"">Red</td>
</tr>
<tr style=""height: 19.6px;"">
<th style=""width: 30.0322%; height: 19.6px;"" class=""label"">Filter Material</th>
<td style=""width: 69.8963%; height: 19.6px;"" class=""data"">Pleated Cotton Gauze</td>
</tr>
<tr style=""height: 19.6px;"">
<th style=""width: 30.0322%; height: 19.6px;"" class=""label"">Material</th>
<td style=""width: 69.8963%; height: 19.6px;"" class=""data"">PEX</td>
</tr>
<tr style=""height: 19.6px;"">
<th style=""width: 30.0322%; height: 19.6px;"" class=""label"">Product Type</th>
<td style=""width: 69.8963%; height: 19.6px;"" class=""data"">Intake Systems</td>
</tr>
<tr style=""height: 19.6px;"">
<th style=""width: 30.0322%; height: 19.6px;"" class=""label"">Style</th>
<td style=""width: 69.8963%; height: 19.6px;"" class=""data"">Open</td>
</tr>
<tr style=""height: 19.6px;"">
<th style=""width: 30.0322%; height: 19.6px;"" class=""label"">Sub Category</th>
<td style=""width: 69.8963%; height: 19.6px;"" class=""data"">Fuel Injection System and Related Components</td>
</tr>
<tr style=""height: 19.6px;"">
<th style=""width: 30.0322%; height: 19.6px;"" class=""label"">UPC</th>
<td style=""width: 69.8963%; height: 19.6px;"" class=""data"">810009932710</td>
</tr>
<tr style=""height: 19.6px;"">
<th style=""width: 30.0322%; height: 19.6px;"" class=""label"">Part Number</th>
<td style=""width: 69.8963%; height: 19.6px;"" class=""data"">
<p>CI100041</p>
</td>
</tr>
</tbody>
</table>
<h3 class=""collapsible-title""><strong>Emissions</strong></h3>
<p class=""collapsible-title""><span class=""slides-in""></span>This part is legal for sale and use on Emissions Controlled Vehicles, in all 50 states, when used in accordance with the manufacturers application guide because it has a California Air Resources Board (CARB) Executive Order (EO) number.</p>
<div class=""row-contents active expanded"">
<p class=""emissionstatement"">The following vehicles are considered Emissions Controlled Vehicles:</p>
<ul>
<li>1966 and newer U.S. manufactured California Certified vehicles</li>
<li>1968 and newer U.S. manufactured Federally Certified vehicles</li>
<li>1968 and newer Foreign manufactured vehicle</li>
</ul>
<div class=""collapsible-title"">Tech Resources<span class=""slides-in""></span>
</div>
<div class=""row-contents active expanded"">
<div class=""widget_info"">
<div class=""tech_icons fas fa-info-circle fa-2x""><br></div>
<span> </span>
<div class=""widget_text"">
<a title=""View CARB EO Document"" rel=""noopener"" href=""https://documents.goapr.com/d-783-8.pdf"" class=""tech_resource_widget_link"" target=""_blank"">CARB EO Document</a><br>Lists applicable vehicles and scenarios</div>
</div>
<div class=""widget_info tech_resource_links"">
<span> </span><a title=""Instructions - d-783-8.pdf"" href=""https://documents.goapr.com/c199e4ff25a832df0d17e2a5e8669b058dcd1c83.pdf"" rel=""noopener"" target=""_blank"">
<div class=""widget_text"">Instructions - d-783-8.pdf</div>
</a>
</div>
<div class=""widget_info tech_resource_links"">
<span> </span><a title=""Instructions - tl100190_mqb_plastic_intake_web.pdf"" href=""https://documents.goapr.com/f0125c05635fe265471b9a91b261b7cd121b5a0a.pdf"" rel=""noopener"" target=""_blank"">
<div class=""widget_text"">Instructions - tl100190_mqb_plastic_intake_web.pdf</div>
</a>
</div>
<div class=""widget_info"">
<span> </span>
<div class=""widget_text installation_notes product_info"">Note: Models with Secondary Air Injection (SAI) require a breather filter (CI100020-A). Not compatible with EA888.3B enginew ith a MAF sensor. This system is not compatible with the MS100100 intake mounted Catch Can System.</div>
<div class=""widget_text installation_notes product_info""><br></div>
<div class=""widget_text installation_notes product_info"">
<h2 id=""compatible-vehicles"" class=""heading svelte-1fz0gqk""><span class=""svelte-1fz0gqk"">Compatible Vehicles</span></h2>
<h3 id=""audi-models"" class=""heading svelte-1fz0gqk""><span class=""svelte-1fz0gqk"">Audi Models</span></h3>
<ul>
<li class=""svelte-1fz0gqk"">
<strong class=""svelte-1fz0gqk""><span class=""svelte-1fz0gqk"">A3</span></strong><span class=""svelte-1fz0gqk""><span> </span>(2015–2024) – FWD and Quattro variants</span>
</li>
<li class=""svelte-1fz0gqk"">
<strong class=""svelte-1fz0gqk"" style=""font-size: 0.875rem;""><span class=""svelte-1fz0gqk"">A3 Quattro</span></strong><span class=""svelte-1fz0gqk"" style=""font-size: 0.875rem;""> (2015–2024)</span>
</li>
<li class=""svelte-1fz0gqk"">
<strong class=""svelte-1fz0gqk"" style=""font-size: 0.875rem;""><span class=""svelte-1fz0gqk"">Q3</span></strong><span class=""svelte-1fz0gqk"" style=""font-size: 0.875rem;""> (2019–2024)</span>
</li>
<li class=""svelte-1fz0gqk"">
<strong class=""svelte-1fz0gqk"" style=""font-size: 0.875rem;""><span class=""svelte-1fz0gqk"">S3</span></strong><span class=""svelte-1fz0gqk"" style=""font-size: 0.875rem;""> (2015–2024)</span>
</li>
<li class=""svelte-1fz0gqk"">
<strong class=""svelte-1fz0gqk"" style=""font-size: 0.875rem;""><span class=""svelte-1fz0gqk"">TT</span></strong><span class=""svelte-1fz0gqk"" style=""font-size: 0.875rem;""> (2016–2023) – Quattro only</span>
</li>
<li class=""svelte-1fz0gqk"">
<strong class=""svelte-1fz0gqk"" style=""font-size: 0.875rem;""><span class=""svelte-1fz0gqk"">TTS</span></strong><span class=""svelte-1fz0gqk"" style=""font-size: 0.875rem;""> (2016–2023) – Quattro only </span>
</li>
</ul>
<p class=""svelte-1fz0gqk""><button type=""button"" class=""inline-citation svelte-ixv2oh""><svg xmlns=""http://www.w3.org/2000/svg"" width=""24"" height=""24"" class=""icon"" viewbox=""0 0 24 24""><path fill-rule=""evenodd"" d=""M13.434 4.434a4.336 4.336 0 0 1 6.132 6.132l-3.998 3.997a4.3 4.3 0 0 1-6.14-.003.8.8 0 1 1 1.143-1.12 2.7 2.7 0 0 0 3.857 0l.006-.006 4-4a2.735 2.735 0 1 0-3.869-3.868l-.5.5a.8.8 0 0 1-1.13-1.132zm-3.6 4.051a4.3 4.3 0 0 1 4.737.955.8.8 0 0 1-1.143 1.12 2.7 2.7 0 0 0-3.857 0l-.005.006-4 4a2.735 2.735 0 1 0 3.868 3.868l.5-.5a.8.8 0 1 1 1.132 1.132l-.5.5a4.336 4.336 0 0 1-6.132-6.132l3.997-3.997a4.3 4.3 0 0 1 1.403-.952"" clip-rule=""evenodd""></path></svg></button></p>
<h3 id=""volkswagen-models"" class=""heading svelte-1fz0gqk""><span class=""svelte-1fz0gqk"">Volkswagen Models</span></h3>
<ul>
<li class=""svelte-1fz0gqk"">
<strong class=""svelte-1fz0gqk""><span class=""svelte-1fz0gqk"">Golf / GTI</span></strong><span class=""svelte-1fz0gqk""><span> </span>(2015–2024)</span>
</li>
<li class=""svelte-1fz0gqk"">
<strong class=""svelte-1fz0gqk"" style=""font-size: 0.875rem;""><span class=""svelte-1fz0gqk"">Golf R</span></strong><span class=""svelte-1fz0gqk"" style=""font-size: 0.875rem;""> (2015–2024)</span>
</li>
<li class=""svelte-1fz0gqk"">
<strong class=""svelte-1fz0gqk"" style=""font-size: 0.875rem;""><span class=""svelte-1fz0gqk"">Golf Sportwagen</span></strong><span class=""svelte-1fz0gqk"" style=""font-size: 0.875rem;""> (2015–2019)</span>
</li>
<li class=""svelte-1fz0gqk"">
<strong class=""svelte-1fz0gqk"" style=""font-size: 0.875rem;""><span class=""svelte-1fz0gqk"">Golf Alltrack</span></strong><span class=""svelte-1fz0gqk"" style=""font-size: 0.875rem;""> (2017–2019)</span>
</li>
<li class=""svelte-1fz0gqk"">
<strong class=""svelte-1fz0gqk"" style=""font-size: 0.875rem;""><span class=""svelte-1fz0gqk"">Jetta</span></strong><span class=""svelte-1fz0gqk"" style=""font-size: 0.875rem;""> (2019–2024)</span>
</li>
<li class=""svelte-1fz0gqk"">
<strong class=""svelte-1fz0gqk"" style=""font-size: 0.875rem;""><span class=""svelte-1fz0gqk"">Arteon</span></strong><span class=""svelte-1fz0gqk"" style=""font-size: 0.875rem;""> (2019–2024)</span>
</li>
<li class=""svelte-1fz0gqk"">
<strong class=""svelte-1fz0gqk"" style=""font-size: 0.875rem;""><span class=""svelte-1fz0gqk"">Tiguan</span></strong><span class=""svelte-1fz0gqk"" style=""font-size: 0.875rem;""> (2018–2024)</span>
</li>
<li class=""svelte-1fz0gqk"">
<strong class=""svelte-1fz0gqk"" style=""font-size: 0.875rem;""><span class=""svelte-1fz0gqk"">Atlas / Atlas Cross Sport</span></strong><span class=""svelte-1fz0gqk"" style=""font-size: 0.875rem;""> (2018–2023) – 2.0T models</span>
</li>
</ul>
</div>
</div>
</div>
</div>
</div>",Redline Essentials,Vehicles & Parts > Vehicle Parts & Accessories > Motor Vehicle Parts > Motor Vehicle Engine Parts,Performance Parts,"Carbon Fiber, Engine, Performance",true,Title,Default Title,,,,,,,,RE-INT-008,3500.0,shopify,10,deny,manual,65000.00,78000.00,true,true,,,,,,https://cdn.shopify.com/s/files/1/0810/1311/3071/files/61a33af6d56c17c03a924ea61b94cffb7ecbc2c6.jpg?v=1775066402,1,"",false,,,,,,,carbon-fiber,,,,,,,kg,,,active
carbon-fiber-cold-air-intake,,,,,,,,,,,,,,,,,,,,,,,,,,,,,,,,https://cdn.shopify.com/s/files/1/0810/1311/3071/files/542b7407053a89b99a49029d8d37ccd293d86490.jpg?v=1775066402,2,"",,,,,,,,,,,,,,,,,,
carbon-fiber-cold-air-intake,,,,,,,,,,,,,,,,,,,,,,,,,,,,,,,,https://cdn.shopify.com/s/files/1/0810/1311/3071/files/1cd10dd7c50a046d536d976776d4e226ac0741bc.avif?v=1775066401,3,"",,,,,,,,,,,,,,,,,,
carbon-fiber-cold-air-intake,,,,,,,,,,,,,,,,,,,,,,,,,,,,,,,,https://cdn.shopify.com/s/files/1/0810/1311/3071/files/0cdff8bf96bbc1b7d63b116596bbbf75b617819a.avif?v=1775066401,4,"",,,,,,,,,,,,,,,,,,
valvetronic-titanium-exhaust-system,Fabspeed Chevrolet Corvette C8 Z06 Titanium Valved Cat-Back Exhaust System (2023+) Reviews,"<p dir=""ltr""><span>The Fabspeed Titanium Valved Cat-Back Exhaust System is the ULTIMATE exhaust solution for the C8 Z06. It provides the same high pitched scream 6700rpm rip  that our Supersport X-Pipe exhaust has while also allowing the driver to quiet the exhaust down using the factory exhaust loudness settings. It’s totally plug-and-play with the factory exhaust valve electric actuator modules. Retaining ALL drive modes, and Z-mode abilities. NO FAULT CODES with Fabspeed Valved BECAUSE ONLY Fabspeed uses the WOLRDS VERY BEST EXHAUST VALVES from Helical limited Great Britain versus cheap Chinese garbage valves- like local competitors and all competitors. </span></p>
<p dir=""ltr""><span>Our design process started with 3D scanning the entire OEM exhaust system using our CREAFORM 700 Handscan so that we could make a complete Solidworks 3D model of the exhaust. We then designed the exhaust and fixtures using that model so that the exhaust fit perfectly to OEM standards. After multiple revisions for sound and dyno testing we decided to use our signature cast Titanium X-Pipe to tie the two cylinder banks together for exhaust scavenging and to defeat resonance. The valves are mounted to CNC’d plates that resist heat and keep the electronics working under extreme conditions. The piping is mandrel bent from Titanium, and we use ultra high temp heat wrapping to keep temps in the engine bay down.</span></p>
<p dir=""ltr""> </p>
<p dir=""ltr""><span><strong>FEATURES:</strong></span></p>
<ul>
<li>Fits all Chevrolet Corvette C8 Z06 2023+ Models (Except EU Spec Models) </li>
<li>Weight savings of -35 lbs / -17 kg vs the factory exhaust</li>
<li>Your choice of Carbon Fiber tips with new carbon fiber surround trim, TITANIUM QUAD tips blued titanium and or retain your factory quad Z06 tips</li>
<li>Plug-and-play Helical UK valves that completely retain the factory exhaust valve functionality- WITH 100% GUaRANTEED RELIABILITY . no fault codes like cheap mongrel exhaust valves.</li>
<li>Incorporates our signature cast Titanium X-pipe for superior flow and exhaust scavenging</li>
<li>Larger diameter tubing allows the Z06 engine to really breathe</li>
<li>Constructed from high-quality 14-16ga CNC mandrel-bent Titanium for optimum flow and maximum durability</li>
<li>NO CHEAP CHINESE PIE CUT  multiple pieces of titanium all welded together like a lobster tail. PIE CUT multiple pieces of titanium or stainless steel is INDICATIVE OF CHEAP SWEAT SHOW CHINESE LABOR and a lousy ALIBABA 100% guaranteed to fail system. Pie Cut AINT Craftsmanship. THINK- mandrel bent 1 piece tubing as much as possible is OBVIOUSLY stronger and flows more and reduced HAZ- look it up in welding heat affected zones. </li>
<li>Laser scanned and CAD designed for perfect OEM fitment using an Ametek Handyscan 700</li>
<li>No Check Engine Light guaranteed</li>
<li>This cat-back exhaust is 100% emissions legal worldwide</li>
<li>Simple DIY bolt-on installation, no cutting or welding required</li>
<li>All hardware included</li>
<li>100% built in house and DYNO developed at Fabspeed Motorsport USA</li>
<li>All Fabspeed performance products are backed by the <span><a href=""https://www.fabspeed.com/warranty/#:~:text=Fabspeed%20warrants%20to%20the%20consumer,or%20a%20Fabspeed%20approved%20installer."">Fabspeed Lifetime Warranty</a></span>
</li>
</ul>
<p dir=""ltr""><strong>SOUND:</strong></p>
<p dir=""ltr""><span id=""docs-internal-guid-5a4be35f-7fff-de6b-d64f-f326df6d1023""><span>This incredibly versatile exhaust is able to go from tame cruiser, to thoroughbred race car with the press of a button. With the car set to the loud exhaust mode (valves open), you’ll be treated to a much more authoritative rumble at idle, and our signature Ti X-pipe bringing out the a high pitched wail that, dare we say, exceeds that of the Ferrari 458. With the Z06 set to quiet mode (valves closed), it’s totally drone free and you can easily have a conversation in the cabin just like the OEM exhaust.</span></span></p>",Redline Essentials,Vehicles & Parts > Vehicle Parts & Accessories > Motor Vehicle Parts > Motor Vehicle Exhaust,Exhaust Parts,"Exhaust, Performance, Titanium",true,Title,Default Title,,,,,,,,RE-EXH-007,18000.0,shopify,5,deny,manual,210000.00,245000.00,true,true,,,,,,https://cdn.shopify.com/s/files/1/0810/1311/3071/files/DSC07004__58278.jpg?v=1775066833,1,"",false,,,,,,,titanium,,,,,,,kg,,,active
valvetronic-titanium-exhaust-system,,,,,,,,,,,,,,,,,,,,,,,,,,,,,,,,https://cdn.shopify.com/s/files/1/0810/1311/3071/files/C8_Z06_Valvetronic_Exhaust_with_Tips_v1_Studio_Photo_1__87660.1674796245.webp?v=1775113095,2,"",,,,,,,,,,,,,,,,,,
forged-carbon-mirror-caps,BN Aero F Series M Style Forged Carbon Fiber Mirror Caps,"<p><span class=""a-text-bold"">Add some aggressive, yet sleek style to your F Chassis Car with the BN Aero M Style Forged Carbon Fiber Mirror Caps!</span></p>
<p><span class=""a-text-bold"">Featuring a Hand Laid Forged Carbon Fiber Exterior Finish, and an ABS Interior for proper fitment and ease installation.</span></p>
<p><span class=""a-text-bold"">Fitment:</span><span class=""a-text-bold""><br>Compatible with BMW 1 Series F20 F21 116i 118i 120i 125i 130i Hatchback 2012-2016<br>Compatible with BMW 2 Series F22 F23 218i 220i 228i m240i Coupe &amp; Convertible 2014-on<br>Compatible with BMW 3 Series F30 F31 320i 328i 330i 335i 340i Sedan &amp; Touring 2012-on<br>Compatible with BMW 4 Series F32 F33 F36 420i 428i 435i 440i Coupe &amp; Convertible &amp; Gran Coupe 2014-on<br>Compatible with BMW X Series X1 E84 2013-2015<br>Compatible with BMW M Series F87 M2 2014-on<br><br></span><span class=""a-text-bold"">Package Included:</span><span class=""a-text-bold""><br>1 x Pair Rearview Mirror Cover (Left &amp; Right)</span></p>",Redline Essentials,Uncategorized,Exterior Accessories,"Carbon Fiber, Exterior, Mirror Caps",true,Title,Default Title,,,,,,,,RE-MIR-006,800.0,shopify,24,deny,manual,18500.00,22000.00,true,true,,,,,,https://cdn.shopify.com/s/files/1/0810/1311/3071/files/61yin4BpOzL.webp?v=1775104942,1,"",false,,,'1,,,,,,,,,,,kg,,,active
forged-carbon-mirror-caps,,,,,,,,,,,,,,,,,,,,,,,,,,,,,,,,https://cdn.shopify.com/s/files/1/0810/1311/3071/files/61_AOUcdxDL.webp?v=1775104999,2,"",,,,,,,,,,,,,,,,,,
forged-carbon-mirror-caps,,,,,,,,,,,,,,,,,,,,,,,,,,,,,,,,https://cdn.shopify.com/s/files/1/0810/1311/3071/files/IMG_3875.webp?v=1775105069,3,"",,,,,,,,,,,,,,,,,,
dynamic-rgb-sequential-led-tail-lights,TT-ABC RGB Led Tail Light For 11th Gen Honda Civic 2022-2026 Sequential LED Rear Lamp,"<p><strong>Sequential Rear Lamps with App-Controlled Color Modes – Plug &amp; Play Installation</strong></p>
<p><strong>Upgrade your 11th Gen Honda Civic (2022–2026)</strong><span> </span>with TT-ABC's RGB LED Tail Lights – a striking fusion of modern design, advanced lighting technology, and road-ready durability. These tail lights enhance both the style and safety of your Civic while ensuring a perfect OEM fitment.</p>
<p><strong>Compatibility:</strong></p>
<p>Fits the 2022 Honda Civic Sedan Si/Si HPT Model<br>Fits the 2023-2024 Honda Civic Sedan LX/Sport/EX/Touring Model<br>Fits the 2025-2026 Honda Civic Sedan LX/Sport/Sport Hybrid/Sport Touring Hybrid Model</p>
<p>Advanced LED upgrades seamlessly replace your original taillights.</p>
<h3>Key Features</h3>
<ul>
<li>
<p><strong>OEM Fitment &amp; Compatibility</strong><br>Designed specifically for the 2022–2026 Honda Civic (11th Gen), including all sedan trims. These tail lights offer direct plug-and-play installation with no splicing or modifications required. Fully integrates with the factory wiring and mounts.</p>
</li>
<li>
<p><strong>RGB Multi-Color Functionality</strong><br>Customize your tail lights with a full spectrum of RGB colors via a smartphone app or included controller. Choose from a variety of static colors, dynamic modes, and light shows to suit your mood or occasion.</p>
</li>
<li>
<p><strong>Sequential LED Turn Signals</strong><br>Features animated sequential turn indicators for a sleek, modern look and enhanced signaling visibility to other drivers.</p>
</li>
<li>
<p><strong>Dynamic Start-Up Animation &amp; Running Light</strong><br>Eye-catching animation plays when the vehicle starts, while breathing running lights add a touch of elegance on the road or at rest.</p>
</li>
<li>
<p><strong>Premium Construction</strong><br>Built with UV-resistant polycarbonate lenses and a tough ABS housing. Rated<span> </span><strong>IP67 waterproof and dustproof</strong><span> </span>– ready to withstand all weather conditions.</p>
</li>
<li>
<p><strong>DOT/SAE Certified – Fully Street Legal</strong><br>Meets or exceeds U.S. DOT &amp; SAE standards, ensuring your new tail lights are safe and road-compliant.</p>
</li>
<li>
<p><strong>Warranty &amp; Support</strong><br>Includes a 1-year manufacturer’s warranty and responsive customer service. We stand by the quality of our product—contact us anytime with questions or issues.</p>
</li>
</ul>
<h3>What’s in the Box</h3>
<ul>
<li>
<p>1 Pair of RGB LED Tail Lights (Driver + Passenger side)</p>
</li>
<li>
<p>Controller for RGB settings (if applicable)</p>
</li>
<li>
<p>Installation Guide</p>
</li>
</ul>
<h3>Lighting Functions</h3>
<ul>
<li>
<p>Brake Light</p>
</li>
<li>
<p>Running Light</p>
</li>
<li>
<p>Reverse Light</p>
</li>
<li>
<p>Sequential Turn Signal</p>
</li>
<li>
<p>RGB Customizable Light Modes</p>
</li>
<li>
<p>Dynamic Startup Animation</p>
</li>
</ul>
<p>Give your Honda Civic a premium rear-end makeover with the<span> </span><strong>TT-ABC RGB LED Tail Light Assembly</strong><span> </span>– a perfect blend of tech, style, and performance.</p>",Redline Essentials,Vehicles & Parts > Vehicle Parts & Accessories > Motor Vehicle Parts > Motor Vehicle Lighting,Lighting,"Exterior, LED, Lighting",true,Title,Default Title,,,,,,,,RE-TL-005,5500.0,shopify,12,deny,manual,52000.00,65000.00,true,true,,,,,,https://cdn.shopify.com/s/files/1/0810/1311/3071/files/11_9c728b6e-a258-4ebf-b083-a706fd875dcd.webp?v=1775042473,1,"",false,,,,,,,,,,,,,,kg,,,active
dynamic-rgb-sequential-led-tail-lights,,,,,,,,,,,,,,,,,,,,,,,,,,,,,,,,https://cdn.shopify.com/s/files/1/0810/1311/3071/files/RGB-Led-Tail-Light-For-11th-Gen-Honda-Civic-2022-2023-2024-Sequential-LED-Rear-Lamp-Honda-4.webp?v=1775042473,2,"",,,,,,,,,,,,,,,,,,
dynamic-rgb-sequential-led-tail-lights,,,,,,,,,,,,,,,,,,,,,,,,,,,,,,,,https://cdn.shopify.com/s/files/1/0810/1311/3071/files/RGB-Led-Tail-Light-For-11th-Gen-Honda-Civic-2022-2023-2024-Sequential-LED-Rear-Lamp-Honda-8.webp?v=1775042473,3,"",,,,,,,,,,,,,,,,,,
dynamic-rgb-sequential-led-tail-lights,,,,,,,,,,,,,,,,,,,,,,,,,,,,,,,,https://cdn.shopify.com/s/files/1/0810/1311/3071/files/RGB-Led-Tail-Light-For-11th-Gen-Honda-Civic-2022-2023-2024-Sequential-LED-Rear-Lamp-Honda-9.webp?v=1775042473,4,"",,,,,,,,,,,,,,,,,,
premium-ceramic-coating-detailing-kit,Redline Premium Ceramic Coating Detailing Kit,"<p>Protect your high-end modifications with our professional-grade ceramic coating kit. Provides up to 2 years of hydrophobic protection, deep gloss, and scratch resistance.</p><ul>
<li>9H Hardness rating</li>
<li>Extreme hydrophobic properties</li>
<li>Includes applicator and microfiber towels</li>
<li>UV and chemical resistance</li>
</ul>",Redline Essentials,Uncategorized,Car Care,"Detailing, Exterior, Protection",true,Title,Default Title,,,,,,,,RE-CER-004,1200.0,shopify,50,deny,manual,8500.00,12000.00,true,true,,,,,,https://cdn.shopify.com/s/files/1/0810/1311/3071/files/3m-ceramic-coating-39901.avif?v=1775042579,1,"",false,,,,,,,,,,,,,,kg,,,active
alcantara-carbon-steering-wheel,Audi R8/TT Style Customizable Steering Wheel (Fits 2010+ All Models),"<h2>Description</h2>
<p>The<span> </span><strong>Audi R8 / TT Style Customizable Steering Wheel</strong><span> </span>by<span> </span><strong>Carbon City Customs</strong><span> </span>is a premium interior upgrade engineered to bring the iconic R8 / TT steering wheel layout to modern Audi platforms. Designed using<span> </span><strong>advanced 3D modelling</strong><span> </span>and meticulously handcrafted, this steering wheel delivers a bold OEM+ appearance with enhanced grip, comfort, and driver-focused functionality—while retaining factory usability where applicable.</p>
<p>Each steering wheel is<span> </span><strong>handcrafted to order</strong><span> </span>using globally sourced premium materials and tailored to your selected button configuration, ensuring a refined finish that elevates interior presence without compromising Audi’s original design language.</p>
<h3>Materials &amp; Craftsmanship</h3>
<ul>
<li>
<strong>Carbon fibre sourced from Japan &amp; Taiwan</strong><span> </span>for superior strength, consistency, and surface finish</li>
<li>
<strong>Italian-sourced leather</strong><span> </span>selected for luxury feel, durability, and long-term wear</li>
<li>
<strong>Advanced 3D modelling</strong><span> </span>for precise fitment and OEM-correct ergonomics</li>
<li>
<strong>Hand stitching</strong><span> </span>applied by skilled craftsmen for a tailored, premium finish</li>
<li>
<strong>Environmentally conscious production processes</strong><span> </span>implemented where possible</li>
<li>
<strong>Secure protective packaging</strong><span> </span>to safeguard premium materials during transport</li>
<li>
<strong>Handcrafted construction</strong><span> </span>with strict quality control standards</li>
</ul>",Redline Essentials,Vehicles & Parts > Vehicle Parts & Accessories > Motor Vehicle Parts > Motor Vehicle Controls > Steering Wheels,Interior Accessories,"Carbon Fiber, Interior, Steering Wheel",true,Title,Default Title,,,,,,,,RE-STW-003,3500.0,shopify,8,deny,manual,105000.00,200089.00,true,true,,,,,,https://cdn.shopify.com/s/files/1/0810/1311/3071/files/Audi-R8-Custom-Steering-Wheel2.webp?v=1775042819,1,"",false,,,,,,,,,,,,,,kg,,,active
alcantara-carbon-steering-wheel,,,,,,,,,,,,,,,,,,,,,,,,,,,,,,,,https://cdn.shopify.com/s/files/1/0810/1311/3071/files/Audi-R8-Custom-Steering-Wheel1.webp?v=1775103890,2,"",,,,,,,,,,,,,,,,,,
brabus-style-quad-exhaust-tips-matte-black,BSV1 Black Steel Exhaust Tips Compatible With Mercedes,"<h1 class=""a-size-base-plus a-text-bold"">About this item</h1>
<ul class=""a-unordered-list a-vertical a-spacing-mini"">
<li class=""a-spacing-mini""><span class=""a-list-item"">Material: Muffler heads are made of black coated stainless steel.</span></li>
<li class=""a-spacing-mini""><span class=""a-list-item"">Decoration Using: This product is an optimization of your car's exhaust system, and it has a good improvement in performance and aesthetics.</span></li>
<li class=""a-spacing-mini""><span class=""a-list-item"">Stylish Design: Giving the vehicle a stylish appearance not only decorates the vehicle, but also effectively provides protection for the exhaust pipe from dust, rain and wind sand and prevents deformation.</span></li>
<li class=""a-spacing-mini""><span class=""a-list-item"">Easy to Install: No need to cut and weld, just install the intake exhaust tailpipe to the car exhaust pipe and then tighten the fixing clamp device.</span></li>
<li class=""a-spacing-mini""><span class=""a-list-item"">Daily Maintenance: In order to make this exhaust tip have a long service life. Please sweep welding debris, cement, oil, white ash, putty, sand and grey regularly to keep the surface clean. We recommend doing the above once a month.</span></li>
</ul>",Redline Essentials,Vehicles & Parts > Vehicle Parts & Accessories > Motor Vehicle Parts > Motor Vehicle Exhaust,Exhaust Parts,"Exhaust, Exterior, Performance",true,Title,Default Title,,,,,,,,RE-EXH-002,4000.0,shopify,20,deny,manual,28500.00,35000.00,true,true,,,,,,https://cdn.shopify.com/s/files/1/0810/1311/3071/files/mercedes-benz-e63-facelift-w212-brabus-850-style-carbon-fibre-body-kit-twenty-two-tuning-1144873926.webp?v=1775044066,1,"",false,,,,,,,,,,,,,,kg,,,active
brabus-style-quad-exhaust-tips-matte-black,,,,,,,,,,,,,,,,,,,,,,,,,,,,,,,,https://cdn.shopify.com/s/files/1/0810/1311/3071/files/mercedes-benz-brabus-style-black-steel-exhaust-tips-twenty-two-tuning-1144875557.webp?v=1775044066,2,"",,,,,,,,,,,,,,,,,,
brabus-style-quad-exhaust-tips-matte-black,,,,,,,,,,,,,,,,,,,,,,,,,,,,,,,,https://cdn.shopify.com/s/files/1/0810/1311/3071/files/mercedes-benz-c63-w205-brabus-style-carbon-fibre-kit-twenty-two-tuning-1144872611.webp?v=1775044066,3,"",,,,,,,,,,,,,,,,,,
mansory-style-carbon-fiber-rear-spoiler,Genuine BMW M Performance Carbon Flow-Through Rear Spoiler - G80 M3 | G82 M4,"<ul>
<li><a href=""https://autotecknic.com/products/bmw-m-performance-g8x-m3-m4-carbon-flow-through-rear-spoiler#tabs-1"">Product Description</a></li>
</ul>
<div id=""tabs-1"">
<div class=""product-single__description rte"" id=""pro_desc"" itemprop=""description"">
<p>The high-tech material carbon is characterized by a high degree of rigidity and stiffness whilst being extremely light. Consequently, carbon fiber reinforced plastic is used above all in many motorsport areas, where visible carbon components fascinate with the mesh structure that is so characteristic of this material. Not least, for this reason, M Performance exterior components exude a high degree of motorsport atmosphere – and are perfectly suitable for effectively sharpening the sporty looks of the latest BMW icons. The distinctive M Performance carbon rear spoiler adds the perfect finishing touch while optimizing aerodynamics.</p>
<p><b><strong>Product Details:</strong></b></p>
<ul>
<li>It fits G8X M3 / M4 and G2X 3 / 4-Series</li>
<li>
<strong>Optional:</strong><span> </span>Wing Mounting Hardware</li>
<li>
<b>Optional:</b><span> </span>Ceramic Pro 9H Permanent Bond Nanoceramic Protective Coating - 2 layers are pre-applied before shipping</li>
</ul>
<p>Ceramic Pro 9H forms a permanent bond with the surface and will not wash off or break down. It is a highly durable protective coating that protects your vehicle's paintwork or any other surface from damaging contaminants. The unique formula of Ceramic Pro 9H allows it to be applied in multiple layers, which means the thickness of the coating can be increased with additional layers, allowing a thicker/harder coating with improved scratch resistance.<br><br><br><b>* This item is non-returnable *</b></p>
</div>
</div>",Redline Essentials,Uncategorized,Exterior Accessories,"Carbon Fiber, Exterior, Performance, Spoiler",true,Title,Default Title,,,,,,,,RE-SPOIL-001,2500.0,shopify,15,deny,manual,306565.36,,true,true,,,,,,https://cdn.shopify.com/s/files/1/0810/1311/3071/files/G8XCarbonWing_1024x1024_ffd3d290-5968-4bf7-88a6-f047630d20d2.jpg?v=1775044950,1,"",false,,,'1,,,,,,,,,,,kg,,,active
mansory-style-carbon-fiber-rear-spoiler,,,,,,,,,,,,,,,,,,,,,,,,,,,,,,,,https://cdn.shopify.com/s/files/1/0810/1311/3071/files/G8XCarbonRear_1024x1024_900x_45a72a63-1e93-4810-91ee-1423653badf1.webp?v=1775044950,2,"",,,,,,,,,,,,,,,,,,
genuine-bmw-825m-alloy-wheels-diamond-cut-for-bmw-g80-m3-g82-m4-g87-m2,"Genuine BMW 825M Alloy Wheels Diamond Cut For BMW G80 M3, G82 M4 & G87 M2","<p>Genuine BMW 825M forged alloy wheels in Jet Black with a diamond cut finish. These alloy wheels are a staggered setup with 19"" at the front and 20"" at the rear. Please see the sizing information below.</p>
<h3><span>Wheel Specifications</span></h3>
<ul>
<li><span>Genuine BMW 825M alloy wheels</span></li>
<li><span>Forged</span></li>
<li><span>Staggered setup</span></li>
<li><span>Front size: 9.5Jx19 ET20</span></li>
<li><span>Rear size: 10.5Jx20 ET20</span></li>
<li><span>Finished OEM Jet Black</span></li>
<li><span>Diamond cut finish</span></li>
</ul>
<h3><span>Compatible Vehicles</span></h3>
<ul>
<li><span>BMW G80 M3 Saloon (2021+)</span></li>
<li><span>BMW G80 M3 Competition Saloon (2021+)</span></li>
<li><span>BMW G81 M3 Touring (2023+)</span></li>
<li><span>BMW G81 M3 Competition Touring (2023+)</span></li>
<li><span>BMW G82 M4 Coupe (2021+)</span></li>
<li><span>BMW G82 M4 Competition Coupe (2021+)</span></li>
<li><span>BMW G83 M4 Convertible (2021+)</span></li>
<li><span>BMW G83 M4 Competition Convertible (2021+)</span></li>
<li><span>BMW G87 M2 Coupe (2023+)</span></li>
</ul>",Redline Essentials,Vehicles & Parts > Vehicle Parts & Accessories > Motor Vehicle Parts > Motor Vehicle Wheel Systems > Motor Vehicle Rims & Wheels > Automotive Rims & Wheels,Alloy,"",true,Title,Default Title,,,,,,,,,11000.0,shopify,1000,deny,manual,108083.65,,true,true,,,,,"",https://cdn.shopify.com/s/files/1/0810/1311/3071/files/Screenshot2026-04-01160433.png?v=1775039739,1,"",false,,,,geometric; silver,,new,aluminum,,,genuine; oem,forged; alloy,,,kg,,,active
genuine-bmw-825m-alloy-wheels-diamond-cut-for-bmw-g80-m3-g82-m4-g87-m2,,,,,,,,,,,,,,,,,,,,,,,,,,,,,,,,https://cdn.shopify.com/s/files/1/0810/1311/3071/files/Screenshot2026-04-01160455.png?v=1775039739,2,"",,,,,,,,,,,,,,,,,,
genuine-bmw-826m-alloy-wheels-in-jet-black-for-bmw-g80-m3-g82-m4-g87-m2,"Genuine BMW 826M Alloy Wheels In Jet Black For BMW G80 M3, G82 M4 & G87 M2","<p>Genuine BMW 826M alloy wheels finished in jet black. These alloy wheels are a staggered setup with 19"" at the front and 20"" at the rear. Please see the sizing information below.</p>
<h3><span>Wheel Specifications</span></h3>
<ul>
<li><span>Genuine BMW 826M alloy wheels</span></li>
<li><span>Front size: 9.5Jx19 ET20</span></li>
<li><span>Rear size: 10.5Jx20 ET20</span></li>
<li><span>Staggered setup</span></li>
<li><span>Finished In OEM Jet Black</span></li>
</ul>
<h3><span>Compatible Vehicles</span></h3>
<ul>
<li><span>BMW G80 M3 Saloon (2021+)</span></li>
<li><span>BMW G80 M3 Competition Saloon (2021+)</span></li>
<li><span>BMW G81 M3 Touring (2023+)</span></li>
<li><span>BMW G81 M3 Competition Touring (2023+)</span></li>
<li><span>BMW G82 M4 Coupe (2021+)</span></li>
<li><span>BMW G82 M4 Competition Coupe (2021+)</span></li>
<li><span>BMW G83 M4 Convertible (2021+)</span></li>
<li><span>BMW G83 M4 Competition Convertible (2021+)</span></li>
<li><span>BMW G87 M2 Coupe (2023+)</span></li>
</ul>",Redline Essentials,Vehicles & Parts > Vehicle Parts & Accessories > Motor Vehicle Parts > Motor Vehicle Wheel Systems > Motor Vehicle Rims & Wheels > Automotive Rims & Wheels,Alloy,"",true,Title,Default Title,,,,,,,,,11000.0,shopify,1000,deny,manual,68145.88,,true,true,,,,,"",https://cdn.shopify.com/s/files/1/0810/1311/3071/files/Screenshot2026-04-01155514.png?v=1775039141,1,"",false,,,,black,,new,aluminum,,,genuine; oem,alloy,,,kg,,,active
genuine-bmw-826m-alloy-wheels-in-jet-black-for-bmw-g80-m3-g82-m4-g87-m2,,,,,,,,,,,,,,,,,,,,,,,,,,,,,,,,https://cdn.shopify.com/s/files/1/0810/1311/3071/files/Screenshot_2026-04-01_155602.png?v=1775039181,2,"",,,,,,,,,,,,,,,,,,
new-ngk-iridium-ix-spark-plug-set-high-performance-ignition-coils,New NGK Iridium IX Spark Plug Set & High Performance Ignition Coils,"<div class=""a-column a-span6"">
<div class=""a-row a-spacing-base"">
<div class=""a-row a-expander-container a-expander-extend-container"">
<div class=""a-row"">
<div class=""a-column a-span6"">
<h1 class=""a-size-medium a-spacing-small"">Technical Details</h1>
</div>
</div>
<div data-expanded=""true"" class=""a-expander-content a-expander-extend-content"">
<div class=""a-row a-expander-container a-expander-inline-container"">
<div data-expanded=""true"" class=""a-expander-content a-expander-section-content a-section-expander-inner"">
<table id=""productDetails_techSpec_section_1"" class=""a-keyvalue prodDetTable"">
<tbody>
<tr>
<th class=""a-color-secondary a-size-base prodDetSectionEntry"">Manufacturer</th>
<td class=""a-size-base prodDetAttrValue"">‎nissan</td>
</tr>
<tr>
<th class=""a-color-secondary a-size-base prodDetSectionEntry"">Brand</th>
<td class=""a-size-base prodDetAttrValue"">‎AD Auto Parts</td>
</tr>
<tr>
<th class=""a-color-secondary a-size-base prodDetSectionEntry"">Package Dimensions</th>
<td class=""a-size-base prodDetAttrValue"">‎37.47 x 29.85 x 1.27 cm; 2.27 kg</td>
</tr>
<tr>
<th class=""a-color-secondary a-size-base prodDetSectionEntry"">Item part number</th>
<td class=""a-size-base prodDetAttrValue"">‎UF156-3+5464-6</td>
</tr>
<tr>
<th class=""a-color-secondary a-size-base prodDetSectionEntry"">Manufacturer Part Number</th>
<td class=""a-size-base prodDetAttrValue"">‎UF156-3+5464-6</td>
</tr>
<tr>
<th class=""a-color-secondary a-size-base prodDetSectionEntry"">Size</th>
<td class=""a-size-base prodDetAttrValue"">‎medium</td>
</tr>
<tr>
<th class=""a-color-secondary a-size-base prodDetSectionEntry"">Manufacturer</th>
<td class=""a-size-base prodDetAttrValue"">‎nissan</td>
</tr>
<tr>
<th class=""a-color-secondary a-size-base prodDetSectionEntry"">Item Weight</th>
<td class=""a-size-base prodDetAttrValue"">‎2 kg 270 g</td>
</tr>
</tbody>
</table>
</div>
</div>
</div>
</div>
</div>
<div class=""a-row a-spacing-base""><br></div>
</div>
<div class=""a-column a-span6 a-span-last"">
<div class=""a-row a-spacing-base"">
<div id=""productDetails_db_sections"" class=""a-section"">
<h1 class=""a-size-medium a-spacing-small secHeader"">Additional Information</h1>
<div class=""a-section table-padding"">
<table id=""productDetails_detailBullets_sections1"" class=""a-keyvalue prodDetTable"">
<tbody>
<tr>
<th class=""a-color-secondary a-size-base prodDetSectionEntry"">ASIN</th>
<td class=""a-size-base prodDetAttrValue"">B075LXXJC3</td>
</tr>
</tbody>
</table>
</div>
</div>
</div>
</div>",Redline Essentials,Vehicles & Parts > Vehicle Parts & Accessories > Motor Vehicle Parts > Motor Vehicle Engine Parts > Ignition Components > Ignition Coils,Spark plugs,"",true,Title,Default Title,,,,,,,,,2270.0,shopify,10000,deny,manual,12000.00,,true,true,,,,,"",https://cdn.shopify.com/s/files/1/0810/1311/3071/files/61juG4CgxML._SY355.jpg?v=1775038616,1,"",false,,,,,,new,,,,genuine,,,,kg,,,active
bmw-carbon-fiber-side-skirt-set-adro-a14a40-1401,BMW Carbon Fiber Side Skirt Set - ADRO A14A40-1401,"<div class=""extended__specifications"">
<div class=""grid-x grid-margin-x grid-margin-y"">
<div class=""cell small-12 medium-4"">
<div class=""extended__details"">
<h3>Details</h3>
<dl>
<dt>SKU: <span style=""font-size: 0.875rem;"">ADR-A14A401401</span>
</dt>
<dt>FCP Euro ID: <span style=""font-size: 0.875rem;"">910522</span>
</dt>
<dt>Quality: <span style=""font-size: 0.875rem;"">Performance</span><span style=""font-size: 0.875rem;""> </span>
</dt>
</dl>
</div>
</div>
<div class=""cell small-12 medium-4"">
<div class=""extended__oeNumbers"">
<dl>
<dt>
<h3>OE Numbers</h3>
</dt>
<dd>N/A</dd>
</dl>
</div>
</div>
<div class=""cell small-12 medium-4"">
<div class=""extended__mfgNumbers"">
<dl>
<dt>
<h3>MFG Numbers</h3>
</dt>
<dd>A14A40-1401</dd>
</dl>
</div>
</div>
</div>
</div>
<div class=""extended__moreInfo"">
<h3>Product Information</h3>
<div class=""extended__brandDetails"">
<p>Often overlooked, side skirts can be the final touch that can pull an entire build together. The ADRO carbon fiber side skirt kit is designed to accent the factory body of the G8X M3/M4 while flowing perfectly with the other carbon fiber pieces available for this platform. Featuring real carbon fiber construction and a design that was created to look great and increase downforce, this side skirt kit is everything the G8X needed and more.</p>
<p>Included in the Kit:</p>
Left and Right Carbon Side Skirts3M Tape and Install Hardware<br><br>
</div>
<div class=""extended__brandDetails"">
<h2>Fits These Cars</h2>
<div class=""fitmentGuide"">
<div class=""fitmentGuide__models"">
<div class=""fitmentGuide__applicationGroup"">
<h4>BMW M4</h4>
<ul>
<li>
<div class=""fitmentGuide__application""><strong>2020 BMW M4 Side Skirt</strong></div>
<div class=""fitmentGuide__additional"">
<span>Automatic Dual Clutch RWD Convertible 3.0L L6 S55B30 Gas</span><br><strong></strong>
</div>
</li>
<li>
<div class=""fitmentGuide__application""><strong>2020 BMW M4 Side Skirt</strong></div>
<div class=""fitmentGuide__additional"">
<span>Manual RWD Convertible 3.0L L6 S55B30 Gas</span><br><strong></strong>
</div>
</li>
<li>
<div class=""fitmentGuide__application""><strong>2020 BMW M4 Side Skirt</strong></div>
<div class=""fitmentGuide__additional"">
<span>Automatic Dual Clutch RWD Coupe 3.0L L6 S55B30 Gas</span><br><strong></strong>
</div>
</li>
<li>
<div class=""fitmentGuide__application""><strong>2020 BMW M4 Side Skirt</strong></div>
<div class=""fitmentGuide__additional"">
<span>Manual RWD Coupe 3.0L L6 S55B30 Gas</span><br><strong></strong>
</div>
</li>
<li>
<div class=""fitmentGuide__application""><strong>2021 BMW M4 Side Skirt</strong></div>
<div class=""fitmentGuide__additional"">
<span>Manual RWD Coupe 3.0L L6 S58B30T0 Gas</span><br><strong></strong>
</div>
</li>
<li>
<div class=""fitmentGuide__application""><strong>2021 BMW M4 Competition Side Skirt</strong></div>
<div class=""fitmentGuide__additional"">
<span>Automatic RWD Coupe 3.0L L6 S58B30T0 Gas</span><br><strong></strong>
</div>
</li>
<li>
<div class=""fitmentGuide__application""><strong>2022 BMW M4 Side Skirt</strong></div>
<div class=""fitmentGuide__additional"">
<span>Manual RWD Coupe 3.0L L6 S58B30T0 Gas</span><br><strong></strong>
</div>
</li>
<li>
<div class=""fitmentGuide__application""><strong>2022 BMW M4 Competition Side Skirt</strong></div>
<div class=""fitmentGuide__additional"">
<span>Automatic RWD Convertible 3.0L L6 S58B30T0 Gas</span><br><strong></strong>
</div>
</li>
<li>
<div class=""fitmentGuide__application""><strong>2022 BMW M4 Competition Side Skirt</strong></div>
<div class=""fitmentGuide__additional"">
<span>Automatic RWD Coupe 3.0L L6 S58B30T0 Gas</span><br><strong></strong>
</div>
</li>
<li>
<div class=""fitmentGuide__application""><strong>2022 BMW M4 Competition xDrive Side Skirt</strong></div>
<div class=""fitmentGuide__additional"">
<span>Automatic AWD Convertible 3.0L L6 S58B30T0 Gas</span><br><strong></strong>
</div>
</li>
<li>
<div class=""fitmentGuide__application""><strong>2022 BMW M4 Competition xDrive Side Skirt</strong></div>
<div class=""fitmentGuide__additional"">
<span>Automatic AWD Coupe 3.0L L6 S58B30T0 Gas</span><br><strong></strong>
</div>
</li>
<li>
<div class=""fitmentGuide__application""><strong>2023 BMW M4 Side Skirt</strong></div>
<div class=""fitmentGuide__additional"">
<span>Manual RWD Coupe 3.0L L6 S58B30T0 Gas</span><br><strong></strong>
</div>
</li>
<li>
<div class=""fitmentGuide__application""><strong>2023 BMW M4 Competition Side Skirt</strong></div>
<div class=""fitmentGuide__additional"">
<span>Automatic RWD Convertible 3.0L L6 S58B30T0 Gas</span><br><strong></strong>
</div>
</li>
<li>
<div class=""fitmentGuide__application""><strong>2023 BMW M4 Competition Side Skirt</strong></div>
<div class=""fitmentGuide__additional"">
<span>Automatic RWD Coupe 3.0L L6 S58B30T0 Gas</span><br><strong></strong>
</div>
</li>
<li>
<div class=""fitmentGuide__application""><strong>2023 BMW M4 Competition xDrive Side Skirt</strong></div>
<div class=""fitmentGuide__additional"">
<span>Automatic AWD Convertible 3.0L L6 S58B30T0 Gas</span><br><strong></strong>
</div>
</li>
<li>
<div class=""fitmentGuide__application""><strong>2023 BMW M4 Competition xDrive Side Skirt</strong></div>
<div class=""fitmentGuide__additional"">
<span>Automatic AWD Coupe 3.0L L6 S58B30T0 Gas</span><br><strong></strong>
</div>
</li>
<li>
<div class=""fitmentGuide__application""><strong>2023 BMW M4 CSL Side Skirt</strong></div>
<div class=""fitmentGuide__additional"">
<span>Automatic RWD Coupe 3.0L L6 S58B30T0 Gas</span><br><strong></strong>
</div>
</li>
<li>
<div class=""fitmentGuide__application""><strong>2024 BMW M4 Side Skirt</strong></div>
<div class=""fitmentGuide__additional"">
<span>Manual RWD Coupe 3.0L L6 S58B30T0 Gas</span><br><strong></strong>
</div>
</li>
<li>
<div class=""fitmentGuide__application""><strong>2024 BMW M4 Competition Side Skirt</strong></div>
<div class=""fitmentGuide__additional"">
<span>Automatic RWD Convertible 3.0L L6 S58B30T0 Gas</span><br><strong></strong>
</div>
</li>
<li>
<div class=""fitmentGuide__application""><strong>2024 BMW M4 Competition Side Skirt</strong></div>
<div class=""fitmentGuide__additional"">
<span>Automatic RWD Coupe 3.0L L6 S58B30T0 Gas</span><br><strong></strong>
</div>
</li>
<li>
<div class=""fitmentGuide__application""><strong>2024 BMW M4 Competition xDrive Side Skirt</strong></div>
<div class=""fitmentGuide__additional"">
<span>Automatic AWD Convertible 3.0L L6 S58B30T0 Gas</span><br><strong></strong>
</div>
</li>
<li>
<div class=""fitmentGuide__application""><strong>2024 BMW M4 Competition xDrive Side Skirt</strong></div>
<div class=""fitmentGuide__additional"">
<span>Automatic AWD Coupe 3.0L L6 S58B30T0 Gas</span><br><strong></strong>
</div>
</li>
<li>
<div class=""fitmentGuide__application""><strong>2025 BMW M4 Side Skirt</strong></div>
<div class=""fitmentGuide__additional"">
<span>Manual RWD Coupe 3.0L L6 S58B30T0 Gas</span><br><strong></strong>
</div>
</li>
<li>
<div class=""fitmentGuide__application""><strong>2025 BMW M4 Competition Side Skirt</strong></div>
<div class=""fitmentGuide__additional"">
<span>Automatic RWD Coupe 3.0L L6 S58B30T0 Gas</span><br><strong></strong>
</div>
</li>
<li>
<div class=""fitmentGuide__application""><strong>2025 BMW M4 Competition xDrive Side Skirt</strong></div>
<div class=""fitmentGuide__additional"">
<span>Automatic AWD Convertible 3.0L L6 S58B30T0 Gas</span><br><strong></strong>
</div>
</li>
<li>
<div class=""fitmentGuide__application""><strong>2025 BMW M4 Competition xDrive Side Skirt</strong></div>
<div class=""fitmentGuide__additional"">
<span>Automatic AWD Coupe 3.0L L6 S58B30T0 Gas</span><br><strong></strong>
</div>
</li>
<li>
<div class=""fitmentGuide__application""><strong>2026 BMW M4 Side Skirt</strong></div>
<div class=""fitmentGuide__additional"">
<span>Manual RWD Coupe 3.0L L6 S58B30T0 Gas</span><br><strong></strong>
</div>
</li>
<li>
<div class=""fitmentGuide__application""><strong>2026 BMW M4 Competition Side Skirt</strong></div>
<div class=""fitmentGuide__additional"">
<span>Automatic RWD Coupe 3.0L L6 S58B30T0 Gas</span><br><strong></strong>
</div>
</li>
<li>
<div class=""fitmentGuide__application""><strong>2026 BMW M4 Competition xDrive Side Skirt</strong></div>
<div class=""fitmentGuide__additional"">
<span>Automatic AWD Convertible 3.0L L6 S58B30T0 Gas</span><br><strong></strong>
</div>
</li>
<li>
<div class=""fitmentGuide__application""><strong>2026 BMW M4 Competition xDrive Side Skirt</strong></div>
<div class=""fitmentGuide__additional""><span>Automatic AWD Coupe 3.0L L6 S58B30T0 Gas</span></div>
</li>
</ul>
</div>
</div>
</div>
</div>
</div>",Redline Essentials,Vehicles & Parts > Vehicle Parts & Accessories > Motor Vehicle Parts > Motor Vehicle Frame & Body Parts > Side Panels,Side Skirt,"",true,Title,Default Title,,,,,,,,,2000.0,shopify,100,deny,manual,247265.41,,true,true,,,,,"",https://cdn.shopify.com/s/files/1/0810/1311/3071/files/ADR-A14A401401.jpg?v=1775037968,1,"",false,,,,black,,new,carbon-fiber,,,aftermarket,,carbon-fiber-look,,kg,,,active
m-performance-bmw-m2-bonnet-in-carbon-fibre-f87,M Performance BMW M2 Bonnet In Carbon Fibre (F87),"<p>M Performance BMW M2 Bonnet In Carbon Fibre. This is the ultimate addition to the front of your M2. The lightweight carbon fibre construction not only looks stunning, but also lowers your vehicle's centre of gravity as well as reducing weight over the front axel. The result is sharper turn in and increased cornering speed. </p>
<p><span>For painting options, please get in touch! We're partnered with IND, who have 30+ years painting experience, to ensure a flawless finish. </span></p>
<p><span>Combine with the M Performance side fenders for front-end perfection!</span></p>
<p><span>Shipping: POA</span></p>",Redline Essentials,Vehicles & Parts > Vehicle Parts & Accessories > Motor Vehicle Parts > Motor Vehicle Frame & Body Parts > Hoods,Bonnet,"",true,Title,Default Title,,,,,,,,,8000.0,shopify,50,deny,manual,709068.00,,true,true,,,,,"",https://cdn.shopify.com/s/files/1/0810/1311/3071/files/M-Performance-BMW-M2-Bonnet-In-Carbon-Fibre-F87-4.webp?v=1775037526,1,"",false,,,,black,,new,carbon-fiber,,,aftermarket,,carbon-fiber-look,,kg,,,active
volkswagen-polo-gt-style-replacement-carbon-fiber-bonnet-hood,Volkswagen Polo Gt Style Replacement Carbon Fiber Bonnet Hood,"<div class=""about-product"">
<h2 class=""sc-c6d82cff-0 sNMMF title"">Product Overview</h2>
<p class=""sc-c6d82cff-0 ljgSQv mb-3"">Key Features</p>
<div class=""sc-c6d82cff-0 hEKoNt overflow-x seo-content"">
<div>We are interested in manufacturing, exporting and supplying a wide range of Volkswagen Polo GT Style Replacement Carbon Fiber Bonnet Hood in Surat, Gujarat, India. Our offered Bonnet Hood is made employing optimum grade raw material. The raw material source from trusted ad reliable suppliers of the market. We provide this range of product at market leading rates.<br><br>Product Details:-<br>Branddealkarde<br>ConditionNew<br>GradeNew<br><br>Wea Are Supply Premium Quality Modification/Upgraded Carbon FIber Bonnet-Hood For MERCEDES BENZ, BMW, CIVIC, JAZZ, POLO Cars. We Are Supply OF Premium Quality Product Only. We Offer Best Price With Best Quality And Best Service. All Product Come With Warranty.</div>
</div>
</div>
<h2 class=""sc-c6d82cff-0 sNMMF coy-details-title"">Company Details</h2>
<div class=""sc-c6d82cff-0 hEKoFN overflow-x seo-content"">
<div>
<strong>Charu Bazaar</strong>, Established in<span> </span><strong>2012</strong><span> </span>at Surat in Gujarat, is a leading Importer,Manufacturer,Supplier,Wholesaler,Retailer,Dealer,Fabricator,Producer of Automotive Parts &amp; Components in India. Charu Bazaar is one of Trade India's verified and trusted sellers of listed products. With extensive experience in supplying and trading Volkswagen Polo GT Style Replacement Carbon Fiber Bonnet Hood, Charu Bazaar has made a reputed name for itself in the market with high-quality BMW 3 Series E90 M3 GT Style Carbon Fiber Bonnet, BMW 5 Series F10 Carbon Fiber Replacement Hood, Honda Civic 2006 UP Carbon Fiber Bonnet, etc.<br>Focusing on a customer-centric approach, Charu Bazaar has a pan-India presence and caters to a huge consumer base throughout the country. Buy Automotive Parts &amp; Components in bulk from Charu Bazaar at Trade India quality-assured products.</div>
</div>",Redline Essentials,Vehicles & Parts > Vehicle Parts & Accessories,Bonnet,"",true,Title,Default Title,,,,,,,,,10000.0,shopify,100000,deny,manual,42000.00,,true,true,,,,,"",https://cdn.shopify.com/s/files/1/0810/1311/3071/files/volkswagen-polo-gt-style-replacement-carbon-fiber-bonnet-hood-217.jpg?v=1775037341,1,"",false,,,,,,,,,,,,,,kg,,,active
